season,week,team,net,power_rank,off_rank,pass_off_rank,rush_off_rank,explosive_off_rank,def_rank,pass_def_rank,rush_def_rank,st_ppg,sos
2026,2,JAX,0.1694721187484613,1,6,3,13,3,3,3,3,3.550059398514005,-0.1102828431891707
2026,2,BUF,0.1638396408488132,2,1,1,7,1,13,13,13,3.831403810097273,0.1093128628969388
2026,2,NE,0.1527780842566884,3,4,4,9,29,11,11,11,1.288862112067653,0.1339806452121118
2026,2,SEA,0.1339806452121118,4,13,11,17,21,2,2,2,1.537915780367446,0.1527780842566884
2026,2,LA,0.1263969820924584,5,8,12,3,26,9,9,9,0.0963087128580282,0.0435046330067736
2026,2,CHI,0.1184422825307648,6,2,2,1,6,19,19,19,4.934915832524758,-0.0594774956024759
2026,2,HOU,0.1093128628969388,7,18,18,20,8,1,1,1,3.365695903831581,0.1638396408488132
2026,2,PHI,0.0982700657527716,8,14,13,16,17,8,8,8,0.8757667553449965,-0.1049757266342199
2026,2,DET,0.0759262019013961,9,10,10,8,11,14,14,14,0.0485531218385792,-0.0301752311853316
2026,2,KC,0.0715495665362468,10,12,14,5,14,12,12,12,3.380006398256852,0.0564873965765564
2026,2,BAL,0.0600587984602039,11,7,8,10,2,21,21,21,4.303506803954112,0.0154305627616134
2026,2,DEN,0.0564873965765564,12,21,22,11,31,6,6,6,3.4302215791645643,0.0715495665362468
2026,2,SF,0.0435046330067736,13,5,7,2,20,24,24,24,-0.8088892632774114,0.1263969820924584
2026,2,GB,0.0371962705599719,14,11,9,12,9,22,22,22,2.887565246293702,-0.01752583509307
2026,2,IND,0.0154305627616134,15,15,20,6,13,16,16,16,3.556820404371083,0.0600587984602039
2026,2,LAC,0.0080200279377622,16,25,25,26,18,7,7,7,-4.991616350026835,-0.0660018784740065
2026,2,NYG,-0.0020003608366224,17,9,6,14,7,25,25,25,0.8571004611385085,-0.0221176399232081
2026,2,MIN,-0.01752583509307,18,29,28,29,28,4,4,4,2.5837860693861048,0.0371962705599719
2026,2,DAL,-0.0221176399232081,19,3,5,4,30,32,32,32,-1.5567529546816674,-0.0020003608366224
2026,2,NO,-0.0301752311853316,20,28,27,27,10,10,10,10,-1.9348812653233507,0.0759262019013961
2026,2,PIT,-0.0442969829167479,21,22,21,21,19,18,18,18,0.7783826861818608,-0.0690740297844599
2026,2,TB,-0.0502401599810613,22,23,26,15,24,17,17,17,5.243641838298857,-0.1163911239929122
2026,2,CAR,-0.0594774956024759,23,19,17,24,4,23,23,23,-0.3057553264123775,0.1184422825307648
2026,2,ARI,-0.0660018784740065,24,17,15,22,27,27,27,27,-4.12718920945953,0.0080200279377622
2026,2,ATL,-0.0690740297844599,25,26,29,23,15,15,15,15,-1.9183063214403464,-0.0442969829167479
2026,2,WAS,-0.1049757266342199,26,16,16,19,22,30,30,30,0.1453468682027401,0.0982700657527716
2026,2,CLE,-0.1102828431891707,27,32,32,31,23,5,5,5,6.752623334451458,0.1694721187484613
2026,2,CIN,-0.1163911239929122,28,20,19,18,5,29,29,29,5.558169170949692,-0.0502401599810613
2026,2,MIA,-0.127741419525262,29,24,24,25,16,26,26,26,-1.0762763912448736,-0.2071141239514546
2026,2,NYJ,-0.200982350652498,30,27,23,28,12,31,31,31,3.951992834099068,-0.238218024942913
2026,2,LV,-0.2071141239514546,31,31,31,32,25,20,20,20,5.731017651202432,-0.127741419525262
2026,2,TEN,-0.238218024942913,32,30,30,30,32,28,28,28,-4.883628617620276,-0.200982350652498
2026,3,LA,0.2155125881812992,1,11,13,13,2,2,1,15,-2.17508123624128,0.0086346889851735
2026,3,SEA,0.2144487523616779,2,6,3,18,14,4,9,2,3.248841713724704,0.0578541336641211
2026,3,BUF,0.1865050679298784,3,1,2,1,1,23,23,21,2.786165402129752,0.098042358026364
2026,3,NE,0.178528657327475,4,8,11,2,25,6,3,11,-0.100796847550211,0.0695837326964106
2026,3,SF,0.1753127574766591,5,2,1,10,6,21,18,27,0.5643660212405193,0.0660863103834598
2026,3,CHI,0.1346274400606221,6,3,4,5,11,13,13,8,3.3708220811370166,0.0222269047939479
2026,3,DET,0.126502178377115,7,9,8,16,7,9,6,19,1.036507591115824,0.1254801320836774
2026,3,BAL,0.125537102825113,8,4,5,9,5,12,10,24,0.6356757633362564,0.0608490869626914
2026,3,KC,0.1084284533020013,9,5,7,4,8,17,12,20,2.0516652526503982,0.0678017825956531
2026,3,GB,0.0832161483022752,10,7,6,12,13,19,21,7,4.151956856653188,-0.0413758676530237
2026,3,DEN,0.0783605875034,11,19,19,19,12,5,2,9,3.0750298417859527,0.0924498534438513
2026,3,MIN,0.076796702703449,12,27,23,20,23,1,4,3,2.7442471260321746,0.1089217941814486
2026,3,JAX,0.0764712535857013,13,10,9,7,4,16,17,13,1.7358356594236,-0.0520977198777435
2026,3,HOU,0.069582537675613,14,25,24,22,10,3,7,1,0.0805536917718397,0.0377011660256511
2026,3,NO,0.0644551962374765,15,17,17,27,16,7,5,17,0.9712270080473172,0.126019640601114
2026,3,IND,0.0572429776879063,16,12,14,8,15,18,16,18,3.768435470144074,0.1169827780635571
2026,3,LAC,-0.0247674938241901,17,20,18,28,18,15,24,4,-3.532838960275999,-0.1101710543481722
2026,3,CAR,-0.032342893115553,18,13,12,15,9,26,25,28,0.4265412505374741,0.0050299963209187
2026,3,PHI,-0.0333694722079158,19,23,22,21,20,14,14,16,3.834969311549632,-0.2472582107818843
2026,3,ARI,-0.0628203899992328,20,24,27,11,32,20,15,26,-3.401257137579352,0.0948406292687439
2026,3,PIT,-0.0752812869688566,21,21,20,14,27,22,20,22,-1.092625801809472,0.0269806049543452
2026,3,MIA,-0.0833399674143795,22,16,16,24,26,28,26,23,-1.1141785645918432,0.0088955193897737
2026,3,CIN,-0.1111027358785761,23,18,25,6,3,27,28,12,3.956308190705775,-0.0291501079121412
2026,3,ATL,-0.1245674474187845,24,30,32,26,29,11,11,6,-3.6298786113297776,-0.0538120900422048
2026,3,TB,-0.1278827534998955,25,26,29,3,24,25,27,10,6.171673894390321,-0.1468293815687316
2026,3,LV,-0.1575217186971116,26,31,31,31,28,8,8,14,3.600625271231966,-0.0540537306192848
2026,3,NYG,-0.1580433795063119,27,15,10,23,17,30,31,31,2.9811817752067795,0.0247012688864917
2026,3,NYJ,-0.1595484380094964,28,28,26,30,19,24,22,25,1.213338150768436,-0.0883069892867938
2026,3,DAL,-0.1661100504083157,29,14,15,17,31,32,30,32,2.489927042314188,-0.1963648370971088
2026,3,CLE,-0.1825560272588871,30,32,30,32,30,10,19,5,4.658802659143462,-0.0257057499570971
2026,3,WAS,-0.2346862946879056,31,22,21,25,21,31,32,30,-0.8465544832914391,-0.0997397613081158
2026,3,TEN,-0.2598301268758629,32,29,28,29,22,29,29,29,-1.6746413623478662,-0.0964589551087061
2026,4,LA,0.2343821218795042,1,4,4,8,7,3,1,11,-0.8657886115723631,0.08308963240015083
2026,4,JAX,0.21829927075104,2,6,3,10,9,5,3,5,1.1006020721653982,0.08053153833750938
2026,4,SF,0.20549786327590788,3,1,1,7,2,17,13,23,1.201011587774865,0.04720378304694129
2026,4,SEA,0.16361851869237018,4,16,11,23,8,1,6,2,3.0813426809229054,-0.005646508853825939
2026,4,DEN,0.1624189314850248,5,9,10,9,20,7,2,18,1.472100101883798,0.19782122336556127
2026,4,KC,0.14078227746613964,6,8,7,12,5,9,10,8,1.391697762470232,0.03444195231786361
2026,4,NE,0.12823917160087198,7,7,12,4,24,10,4,17,-1.394953707607693,0.10142095533494293
2026,4,BUF,0.10625938315526248,8,2,2,1,1,24,22,32,3.2641095870629018,0.02015539487883802
2026,4,CHI,0.07786958102783552,9,5,8,3,12,19,15,25,3.694501484881262,-0.032370307046780865
2026,4,BAL,0.04766245946765282,10,13,9,18,3,15,17,15,1.0014231028568152,-0.026801326710625916
2026,4,DET,0.0370397001751928,11,10,6,19,11,20,21,12,1.8367313117769797,-0.04702918290986319
2026,4,HOU,0.028381940770741965,12,26,26,30,10,2,9,1,0.2173301578525702,0.006990965414542051
2026,4,IND,0.003880426728231634,13,11,18,2,15,23,19,29,5.207802431493948,0.07227555923484481
2026,4,LAC,-0.004955456309420708,14,27,29,28,13,6,7,4,-3.2759274200442166,-0.007993270082996348
2026,4,PHI,-0.012654198213867946,15,21,23,13,18,12,16,7,3.2245592351261494,-0.1024116752370914
2026,4,NO,-0.01966151593776324,16,22,21,22,19,11,11,20,0.14369904905496597,-0.005246587427463738
2026,4,ARI,-0.029797271479014703,17,12,13,11,32,25,27,26,1.3319865256923955,0.12138697521961912
2026,4,MIN,-0.029949563306518684,18,32,30,27,28,4,5,3,3.3497328460513685,-0.01780613886977452
2026,4,CLE,-0.04906348807336862,19,29,25,32,30,8,8,6,3.1991715110227084,0.037172242060427754
2026,4,TB,-0.05227538494980079,20,24,27,15,31,14,14,9,3.120601049497108,-0.056059988339918425
2026,4,CAR,-0.05450715961995596,21,18,15,24,6,21,23,21,1.988727425006567,-0.028937548822091513
2026,4,MIA,-0.0629735012596656,22,19,17,25,27,22,24,19,-0.7673157110443835,0.0819460729389369
2026,4,DAL,-0.06462289092234615,23,3,5,5,25,32,32,31,1.5464498438465393,-0.06212228825872082
2026,4,PIT,-0.07765492343858138,24,23,22,17,22,18,20,14,1.6841602513911433,-0.025515493819912475
2026,4,GB,-0.07901261268735829,25,14,14,21,17,29,30,22,2.4576823480941177,-0.12441790622478295
2026,4,CIN,-0.08916691363986796,26,15,16,6,4,31,28,27,4.1505469312397985,-0.03384945587254674
2026,4,LV,-0.10044192192523682,27,28,24,31,21,13,12,13,1.5903856602729447,-0.02919682450228318
2026,4,WAS,-0.11538142668333509,28,17,19,16,29,28,29,16,0.7377731791645001,0.028780476518718696
2026,4,ATL,-0.11561873942074144,29,25,32,14,16,16,18,10,-1.7328274074163397,-0.07039156524863187
2026,4,NYG,-0.1186478975604802,30,20,20,20,23,26,25,24,3.5521874103126243,-0.033321316366205535
2026,4,NYJ,-0.2276854159470888,31,30,28,29,14,27,26,30,1.1022424184792672,-0.1038986975226467
2026,4,TEN,-0.26972318005577467,32,31,31,26,26,30,31,28,-3.0593904169615023,-0.11966250390714565
