team,zone_rate,man_rate,snaps,n_sources,zone_spread,confidence,sources,zone_sharpfootball,man_sharpfootball
ARI,0.7859999999999999,0.10699999999999998,,1,,Single source,sharpfootball,0.7859999999999999,0.107
ATL,0.743,0.166,,1,,Single source,sharpfootball,0.743,0.166
BAL,0.7549999999999999,0.18100000000000002,,1,,Single source,sharpfootball,0.755,0.18100000000000002
BUF,0.799,0.111,,1,,Single source,sharpfootball,0.799,0.111
CAR,0.855,0.095,,1,,Single source,sharpfootball,0.855,0.095
CHI,0.5940000000000001,0.34400000000000003,,1,,Single source,sharpfootball,0.594,0.344
CIN,0.6079999999999999,0.29100000000000004,,1,,Single source,sharpfootball,0.608,0.29100000000000004
CLE,0.547,0.41700000000000004,,1,,Single source,sharpfootball,0.547,0.41700000000000004
DAL,0.72,0.20199999999999999,,1,,Single source,sharpfootball,0.72,0.20199999999999999
DEN,0.652,0.284,,1,,Single source,sharpfootball,0.652,0.284
DET,0.769,0.157,,1,,Single source,sharpfootball,0.769,0.157
GB,0.794,0.11599999999999999,,1,,Single source,sharpfootball,0.794,0.11599999999999999
HOU,0.857,0.115,,1,,Single source,sharpfootball,0.857,0.115
IND,0.611,0.301,,1,,Single source,sharpfootball,0.611,0.301
JAX,0.7140000000000002,0.20800000000000002,,1,,Single source,sharpfootball,0.7140000000000001,0.20800000000000002
KC,0.7680000000000001,0.215,,1,,Single source,sharpfootball,0.768,0.215
LAC,0.7490000000000001,0.113,,1,,Single source,sharpfootball,0.7490000000000001,0.113
LAR,0.726,0.207,,1,,Single source,sharpfootball,0.726,0.207
LV,0.7929999999999999,0.179,,1,,Single source,sharpfootball,0.7929999999999999,0.179
MIA,0.7390000000000001,0.18200000000000002,,1,,Single source,sharpfootball,0.7390000000000001,0.182
MIN,0.861,0.04,,1,,Single source,sharpfootball,0.861,0.04
NE,0.629,0.28600000000000003,,1,,Single source,sharpfootball,0.629,0.28600000000000003
NO,0.8019999999999999,0.099,,1,,Single source,sharpfootball,0.802,0.099
NYG,0.7219999999999999,0.213,,1,,Single source,sharpfootball,0.722,0.213
NYJ,0.7609999999999999,0.166,,1,,Single source,sharpfootball,0.7609999999999999,0.166
PHI,0.738,0.171,,1,,Single source,sharpfootball,0.738,0.171
PIT,0.898,0.078,,1,,Single source,sharpfootball,0.898,0.078
SEA,0.894,0.05,,1,,Single source,sharpfootball,0.894,0.05
SF,0.845,0.098,,1,,Single source,sharpfootball,0.845,0.098
TB,0.6940000000000002,0.272,,1,,Single source,sharpfootball,0.6940000000000001,0.272
TEN,0.8079999999999999,0.135,,1,,Single source,sharpfootball,0.8079999999999999,0.135
WAS,0.8190000000000001,0.07599999999999998,,1,,Single source,sharpfootball,0.8190000000000001,0.076
