team,Man Rate,Zone Rate,Middle Closed Rate,Middle Open Rate
CLE,41.7,54.7,73.0,24.3
CHI,34.4,59.4,62.2,30.6
IND,30.1,61.1,55.9,38.7
CIN,29.1,60.8,50.0,43.2
NE,28.6,62.9,44.2,48.1
DEN,28.4,65.2,50.4,44.7
TB,27.2,69.4,71.7,27.4
KC,21.5,76.8,48.1,50.9
NYG,21.3,72.2,49.0,47.1
JAX,20.8,71.4,47.0,50.0
LAR,20.7,72.6,49.5,45.7
DAL,20.2,72.0,55.1,41.8
MIA,18.2,73.9,46.9,46.9
BAL,18.1,75.5,29.7,68.6
LV,17.9,79.3,42.5,57.5
PHI,17.1,73.8,51.5,41.2
ATL,16.6,74.3,63.0,28.1
NYJ,16.6,76.1,34.6,60.7
DET,15.7,76.9,52.1,43.8
TEN,13.5,80.8,38.3,57.4
GB,11.6,79.4,35.0,61.2
HOU,11.5,85.7,62.4,35.8
LAC,11.3,74.9,36.3,59.8
BUF,11.1,79.9,43.5,50.8
ARI,10.7,78.6,23.3,66.7
NO,9.9,80.2,62.6,31.3
SF,9.8,84.5,56.4,39.1
CAR,9.5,85.5,61.7,34.8
PIT,7.8,89.8,49.5,49.5
WAS,7.6,81.9,18.1,72.4
SEA,5.0,89.4,34.3,61.1
MIN,4.0,86.1,26.3,63.2
