team,EPA/Play,Yards Per Play Allowed,Y/PL Last 5,Points Per Drive Allowed,Explosive Play Rate Allowed,Down Conversion Rate Allowed
MIN,0.2,4.8,0.0,1.1,6.0,56.8
SEA,0.18,3.8,0.0,1.4,1.1,63.9
TB,0.16,4.9,0.0,1.9,4.6,65.8
JAX,0.15,5.8,0.0,1.3,7.7,68.0
LV,0.12,5.2,0.0,1.5,4.3,68.7
ATL,0.1,5.0,0.0,1.6,6.4,65.8
KC,0.1,4.7,0.0,1.6,3.4,67.1
NE,0.1,4.8,0.0,1.6,2.9,67.1
CHI,0.1,6.1,0.0,1.7,6.9,65.8
PIT,0.09,5.5,0.0,1.7,8.4,64.9
LAR,0.07,4.6,0.0,1.9,2.8,69.7
TEN,0.07,4.9,0.0,2.0,4.7,71.3
CIN,0.05,5.6,0.0,1.8,7.4,70.9
LAC,0.04,5.4,0.0,2.1,5.1,71.1
CAR,0.03,5.5,0.0,2.2,5.0,69.8
CLE,0.02,5.4,0.0,2.2,5.7,71.3
NYJ,0.02,4.8,0.0,2.0,2.5,70.8
HOU,0.01,5.4,0.0,2.1,7.7,66.2
DEN,0.01,5.6,0.0,2.1,6.9,72.2
SF,0.01,4.8,0.0,1.8,2.1,71.4
BAL,0.0,5.1,0.0,2.4,5.3,72.6
PHI,-0.02,5.1,0.0,2.3,4.8,73.4
WAS,-0.03,6.4,0.0,2.8,7.6,72.7
BUF,-0.08,5.4,0.0,2.5,7.0,77.5
NYG,-0.09,5.8,0.0,2.0,4.1,77.9
NO,-0.09,5.3,0.0,2.5,4.2,76.7
GB,-0.1,5.1,0.0,2.5,4.0,73.6
IND,-0.11,6.5,0.0,2.7,6.2,75.6
ARI,-0.15,6.5,0.0,2.7,6.5,76.8
DAL,-0.15,6.0,0.0,2.9,6.2,82.2
MIA,-0.17,6.1,0.0,3.1,6.1,80.3
DET,-0.19,5.8,0.0,3.0,8.8,82.5
