team,Blitz Rate,Light Box Rate,Heavy Box Rate,Sub Package Rate
MIN,68.4,26.4,31.3,42.0
NE,45.2,35.4,30.9,78.0
TB,43.4,28.9,34.7,63.0
WAS,42.2,42.7,21.6,55.0
CHI,40.8,38.1,24.4,60.0
DEN,40.7,41.2,32.8,65.0
CAR,40.0,39.0,21.0,62.0
BAL,33.1,57.4,12.8,90.0
NYJ,32.7,54.0,17.2,68.0
DET,31.3,45.8,29.6,53.0
GB,30.1,39.2,28.6,65.0
KC,29.6,39.5,26.0,70.0
PIT,28.0,42.2,22.3,64.0
PHI,26.8,46.5,21.4,72.0
LAC,25.5,47.7,29.2,71.0
IND,25.2,34.2,33.7,60.0
NO,25.2,39.1,25.0,64.0
CLE,25.2,44.3,20.8,90.0
JAX,25.0,42.9,22.6,69.0
SF,24.5,42.8,34.0,59.0
DAL,24.5,44.6,22.8,59.0
LAR,23.8,48.0,17.3,72.0
MIA,23.5,27.9,38.2,42.0
BUF,23.4,44.2,30.7,62.0
ARI,22.2,35.1,28.6,45.0
NYG,22.1,42.0,29.6,71.0
HOU,21.1,40.1,29.1,91.0
SEA,20.4,55.3,13.4,79.0
TEN,19.1,41.5,29.0,65.0
LV,18.6,51.6,20.1,84.0
ATL,17.0,48.7,23.0,78.0
CIN,15.2,62.4,14.3,85.0
