team,Pressure Rate,No Blitz Pressure Rate,Yards Before Contact Per RB Rush,Rush Stuff Rate
ATL,44.2,43.0,0.9,31.3
MIN,43.7,38.6,0.7,19.2
LV,42.5,35.9,1.5,16.7
SEA,41.7,41.9,0.2,24.4
CLE,41.5,36.4,1.3,20.8
DEN,40.0,39.2,0.6,15.9
BUF,39.8,40.8,1.1,22.5
DET,39.5,38.2,2.3,18.2
HOU,39.4,34.9,0.6,16.4
CHI,39.4,35.6,2.4,14.5
JAX,39.2,40.3,1.0,17.8
LAR,38.3,35.4,1.5,10.5
NE,37.7,27.1,1.1,8.1
CIN,37.6,33.9,1.3,27.6
CAR,37.5,31.1,1.8,11.1
KC,37.4,28.0,0.9,16.9
PIT,36.6,34.3,1.3,25.3
BAL,35.6,27.8,1.6,21.1
WAS,34.7,27.9,0.1,29.0
LAC,34.3,34.6,1.0,21.3
PHI,34.0,31.1,1.2,18.1
DAL,33.7,31.6,1.2,16.3
SF,33.0,33.3,1.9,19.0
IND,32.1,31.0,1.6,14.3
ARI,31.9,29.6,1.1,19.3
GB,31.7,28.8,0.4,25.8
TEN,31.6,32.5,1.2,20.0
NYJ,31.5,30.7,1.4,13.3
NO,31.3,33.7,1.8,16.3
MIA,28.0,25.4,1.0,29.8
TB,28.0,24.6,0.9,21.4
NYG,19.8,18.1,2.1,14.1
