team,#,11,12,13,21,22,2+ TE,2+ RB,3+ WR,Plays
PHI,1.0,78133,2034.0,1.22,0.61,–,2136.0,0.61,78132,170
TEN,2.0,72113,1930.0,3.86,0.61,–,2437.0,1.32,76119,157
NO,3.0,70155,1737.0,5.512,3.27,4.1%9,2658.0,7.316,70155,220
DAL,4.0,69122,1730.0,3.46,6.812,2.3%4,2340.0,9.016,69122,177
PIT,5.0,69126,2343.0,2.75,2.75,2.2%4,2852.0,4.99,69126,183
HOU,6.0,69137,1938.0,1122.0,,–,3161.0,,67134,199
CAR,7.0,68131,2651.0,5.711,0.51,–,3262.0,0.51,68131,194
TB,8.0,67119,2138.0,2.34,7.313,–,2442.0,7.313,69122,177
CLE,9.0,66108,1525.0,,8.614,9.8%16,2541.0,1830.0,66108,163
WAS,10.0,66129,2141.0,9.218,,–,3059.0,,70137,196
GB,11.0,64115,2646.0,1119.0,,–,3665.0,,62111,180
ARI,12.0,62122,1530.0,1835.0,4.69,–,3365.0,4.69,62121,196
DET,13.0,62122,3162.0,4.69,1.53,0.5%1,3772.0,2.04,59117,197
NE,14.0,62110,1628.0,,1324.0,9.0%16,2544.0,2240.0,58104,178
MIA,15.0,61105,6.411,,2950.0,1.2%2,8.114,3052.0,63109,172
NYJ,16.0,60116,2344.0,9.919,,4.7%9,4076.0,4.79,61117,192
DEN,17.0,5996,2338.0,6.21,3.76,5.6%9,3557.0,9.315,6199,162
IND,18.0,59110,3259.0,9.618,,–,4177.0,,59110,187
LAR,19.0,56107,2.14,4281.0,,–,4485.0,,56107,192
ATL,20.0,55103,3157.0,1223.0,0.51,–,4482.0,0.51,56105,186
KC,21.0,54103,3057.0,1019.0,5.31,–,4076.0,5.31,5299,189
JAX,22.0,5490,3355.0,1220.0,,–,4676.0,,5490,167
CIN,23.0,5394,4070.0,1.12,4.07,–,4172.0,4.58,5597,176
MIN,24.0,5183,2135.0,,1728.0,11%18,3253.0,2846.0,5183,164
CHI,25.0,49100,3368.0,1735.0,,–,50104.0,0.51,50102,206
NYG,26.0,4580,1119.0,1.73,1526.0,23%40,3562.0,4275.0,5089,177
BAL,27.0,4578,3865.0,1729.0,,–,5595.0,,4578,173
BUF,28.0,4478,2138.0,3054.0,1.12,–,5599.0,1.12,4581,179
LAC,29.0,4376,1323.0,2.34,3154.0,4.5%8,2035.0,4172.0,4579,177
SF,30.0,3353,1524.0,,4470.0,5.6%9,2337.0,5181.0,3455,160
SEA,31.0,3358,3154.0,4.58,2544.0,6.3%11,4173.0,3256.0,3358,176
LV,32.0,2749,3054.0,2.24,2545.0,16%30,4888.0,4175.0,2648,182
