team,Pressure Rate Allowed,No Blitz Pressure Rate Allowed,Time to Throw,Yards Before Contact Per RB Rush,Rush Stuff Rate
ATL,24.4,24.2,2.5,0.8,14.7
SF,25.8,25.7,3.0,1.9,9.1
ARI,28.5,26.3,2.6,1.0,17.3
CIN,29.2,26.0,2.5,1.2,16.7
TEN,29.3,28.4,2.9,1.5,12.5
KC,30.3,29.6,2.6,0.8,16.9
JAX,31.0,24.1,2.8,0.7,12.0
DAL,32.5,30.4,2.8,1.2,18.8
TB,32.8,27.7,3.3,1.1,15.4
LV,33.0,32.4,2.7,1.0,22.4
DET,33.1,35.6,2.8,1.7,19.8
NO,34.2,29.8,2.7,1.2,16.5
NYJ,34.7,32.2,3.0,1.2,22.0
MIN,35.2,35.8,3.0,1.2,17.1
NYG,36.2,29.9,2.7,0.9,10.3
SEA,36.6,27.9,3.0,0.9,21.5
IND,37.0,29.6,2.8,1.0,20.5
PIT,37.1,35.9,2.9,1.4,16.1
LAR,38.3,35.7,2.8,2.6,10.5
CHI,38.6,27.8,3.3,1.4,14.6
HOU,39.1,38.9,3.1,0.6,25.4
MIA,40.2,35.9,3.2,1.3,16.7
BUF,40.6,38.6,3.2,3.2,7.1
WAS,40.9,39.6,3.3,0.8,16.0
PHI,41.5,36.1,3.4,1.2,18.9
NE,42.5,42.3,3.2,0.8,18.1
DEN,43.0,40.3,2.9,1.4,14.1
CLE,44.2,41.1,3.1,0.9,16.9
LAC,44.2,40.5,2.8,1.2,13.6
BAL,44.3,45.8,3.3,1.2,14.9
GB,44.7,42.0,2.5,0.9,20.8
CAR,47.7,44.6,2.9,1.6,12.1
