team,EPA/Play,Yards Per Play,Y/PL Last 5,Points Per Drive,Explosive Play Rate,Down Conversion Rate
SF,0.31,7.3,0.0,3.6,7.4,85.0
BUF,0.2,6.5,0.0,3.2,9.2,82.6
DAL,0.18,5.6,0.0,3.4,3.4,81.3
DET,0.16,5.6,0.0,2.9,5.0,81.3
KC,0.15,6.4,0.0,2.8,6.7,75.6
JAX,0.13,5.5,0.0,2.9,4.7,80.5
BAL,0.13,6.7,0.0,2.8,8.4,76.5
CHI,0.08,5.9,0.0,2.7,6.2,75.3
NO,0.03,5.2,0.0,2.4,5.9,76.3
LV,0.02,4.9,0.0,2.5,4.2,72.8
NYJ,0.01,5.0,0.0,2.0,5.6,72.1
CIN,0.01,5.4,0.0,2.4,6.2,72.7
ARI,0.0,4.5,0.0,2.0,1.0,71.4
CAR,-0.01,6.0,0.0,2.3,7.1,70.8
LAR,-0.02,6.3,0.0,1.9,7.5,72.7
SEA,-0.02,6.2,0.0,2.3,5.6,72.4
HOU,-0.04,4.8,0.0,1.6,5.4,68.5
IND,-0.04,4.7,0.0,2.3,5.3,70.2
WAS,-0.05,4.7,0.0,2.0,3.5,70.6
NYG,-0.08,4.5,0.0,1.6,1.7,71.4
MIA,-0.09,5.0,0.0,1.3,5.8,65.2
TEN,-0.1,4.8,0.0,1.4,3.8,64.6
PHI,-0.1,5.3,0.0,1.9,6.4,68.7
GB,-0.1,5.3,0.0,1.7,6.7,66.3
CLE,-0.11,4.8,0.0,1.6,4.2,66.2
DEN,-0.11,5.0,0.0,1.7,4.8,68.1
MIN,-0.13,4.3,0.0,1.8,4.8,57.6
LAC,-0.15,5.2,0.0,1.3,4.5,66.7
NE,-0.17,5.1,0.0,1.0,6.1,64.9
PIT,-0.18,4.8,0.0,1.3,5.8,64.6
ATL,-0.18,5.4,0.0,1.4,4.7,65.1
TB,-0.22,4.7,0.0,1.6,5.1,60.0
