team,Motion Rate,Play Action Rate,AirYards/Att,Shotgun Rate,NoHuddle Rate
BUF,57.6,22.8,9.5,42.4,3.8
DET,54.8,22.1,7.0,45.2,3.0
IND,63.6,20.3,6.1,55.6,4.3
SEA,57.5,20.1,7.0,46.4,1.7
DAL,54.2,19.8,7.8,65.5,5.1
CAR,58.2,19.4,8.8,66.3,5.6
KC,56.7,18.6,5.5,58.2,0.5
TB,68.5,18.0,9.6,66.9,10.1
CLE,55.1,17.4,5.8,67.1,2.4
BAL,62.4,16.9,9.9,52.2,5.1
MIA,74.0,16.8,9.1,61.3,1.7
CHI,45.0,16.7,6.5,45.0,4.3
LAC,68.4,16.4,8.7,71.2,4.5
TEN,45.2,15.9,5.8,67.5,14.0
PIT,47.4,15.8,7.8,63.2,10.5
DEN,50.0,15.7,6.5,65.1,5.4
LAR,60.3,15.6,8.9,50.8,9.0
MIN,57.5,15.6,8.1,52.7,5.4
SF,72.4,15.3,7.6,41.7,0.6
LV,58.4,15.3,8.5,46.3,3.2
NYG,43.6,14.9,7.9,53.0,4.4
WAS,44.2,14.1,8.9,68.3,8.0
GB,42.8,13.9,8.7,67.8,11.1
HOU,55.9,13.9,9.1,67.8,8.9
NYJ,46.4,13.8,6.9,59.7,5.6
JAX,55.6,13.5,8.8,51.5,7.6
ARI,59.5,13.0,5.8,53.5,9.0
CIN,52.2,12.9,6.8,68.0,4.5
NE,43.9,12.8,8.6,50.6,1.1
NO,65.3,12.6,7.2,66.7,16.7
ATL,60.0,10.0,4.7,53.2,3.2
PHI,55.8,9.3,8.2,67.4,16.3
