team,Rank,Play Clock Used,Neutral,Neutral Pass Rate,Gear Change,No Huddle,Plays/Game,Plays/Drive,Time of Possession,Plays
NO,1,29.98,29.77,63.4,-0.54,16,73.3,6.67,32.2,220
DAL,2,31.02,30.82,63.9,—,5,59.0,6.81,27.4,177
CAR,3,31.0,31.02,65.8,—,5,64.7,5.54,27.0,194
LV,4,31.34,31.35,55.3,—,3,60.7,5.69,28.5,182
DET,5,31.09,31.46,55.4,—,3,65.7,6.35,31.2,197
CHI,6,32.27,31.81,55.9,—,4,68.7,6.24,32.7,206
NE,7,32.17,31.81,58.9,—,1,59.3,5.93,29.1,178
SF,8,32.5,31.88,57.6,—,1,53.3,6.15,27.3,160
LAR,9,31.2,31.98,62.3,—,8,64.0,6.0,27.7,192
WAS,10,32.2,32.04,57.5,0.47,8,65.7,5.79,28.2,197
CLE,11,32.27,32.05,59.8,—,2,54.3,5.62,27.6,163
KC,12,32.46,32.11,56.8,—,1,63.7,5.97,31.4,191
LAC,13,31.35,32.25,48.3,—,5,59.0,5.21,28.6,177
ATL,14,32.06,32.51,46.5,1.74,3,62.7,5.37,32.2,188
ARI,15,30.86,32.61,62.0,1.85,9,65.3,6.53,32.2,196
BUF,16,32.77,32.75,55.0,—,4,59.7,5.77,27.3,179
HOU,17,31.74,32.78,57.5,—,8,66.7,5.88,29.9,200
GB,18,30.76,32.86,64.4,—,11,60.0,5.29,25.6,180
PHI,19,31.95,33.18,57.4,—,16,56.7,6.07,28.4,170
DEN,20,32.6,33.24,62.2,-0.15,6,54.0,5.4,25.9,162
BAL,21,32.59,33.41,49.5,—,4,57.7,5.24,29.4,173
PIT,22,32.82,33.45,65.3,—,10,61.3,5.41,28.5,184
TB,23,32.81,33.58,61.0,—,10,59.0,5.21,30.0,177
IND,24,33.39,33.67,57.1,—,4,62.3,5.84,30.6,187
NYJ,25,33.04,33.7,58.5,—,5,64.0,6.0,31.8,192
SEA,26,33.86,33.74,56.8,—,2,59.3,5.56,29.9,178
CIN,27,33.73,34.11,65.8,—,5,58.7,6.07,29.6,176
JAX,28,33.73,34.25,56.1,—,7,55.7,6.19,30.9,167
MIA,29,33.8,34.35,58.5,0.78,2,57.7,6.18,29.6,173
NYG,30,34.19,34.62,48.3,—,5,59.0,6.56,31.0,177
MIN,31,35.0,35.46,54.5,—,5,54.7,4.82,29.2,164
TEN,32,30.2,,59.0,—,14,52.3,5.81,23.3,157
